{"providers": [
    {"type": "bitmap","file": "ranks/default.png","ascent": 8,"height": 9, "chars": ["的"]},
    {"type": "bitmap","file": "ranks/member.png","ascent": 8,"height": 9, "chars": ["一"]},
    {"type": "bitmap","file": "ranks/iron.png","ascent": 8,"height": 9, "chars": ["是"]},
    {"type": "bitmap","file": "ranks/gold.png","ascent": 8,"height": 9, "chars": ["不"]},
    {"type": "bitmap","file": "ranks/diamond.png","ascent": 8,"height": 9, "chars": ["了"]},
    {"type": "bitmap","file": "ranks/emerald.png","ascent": 8,"height": 9, "chars": ["人"]},
    {"type": "bitmap","file": "ranks/media.png","ascent": 8,"height": 9, "chars": ["我"]},
    {"type": "bitmap","file": "ranks/helper.png","ascent": 8,"height": 9, "chars": ["在"]},
    {"type": "bitmap","file": "ranks/mod.png","ascent": 8,"height": 9, "chars": ["有"]},
    {"type": "bitmap","file": "ranks/builder.png","ascent": 8,"height": 9, "chars": ["他"]},
    {"type": "bitmap","file": "ranks/dev.png","ascent": 8,"height": 9, "chars": ["这"]},
    {"type": "bitmap","file": "ranks/admin.png","ascent": 8,"height": 9, "chars": ["为"]},
    {"type": "bitmap","file": "ranks/manager.png","ascent": 8,"height": 9, "chars": ["之"]},
    {"type": "bitmap","file": "ranks/owner.png","ascent": 8,"height": 9, "chars": ["大"]},
    
    {"type": "bitmap","file": "emoji/beg.png","ascent": 9,"height": 9, "chars": ["来"]},
    {"type": "bitmap","file": "emoji/cold.png","ascent": 8,"height": 9, "chars": ["以"]},
    {"type": "bitmap","file": "emoji/concerned.png","ascent": 8,"height": 9, "chars": ["个"]},
    {"type": "bitmap","file": "emoji/hype.png","ascent": 8,"height": 9, "chars": ["中"]},
    {"type": "bitmap","file": "emoji/skull.png","ascent": 8,"height": 9, "chars": ["上"]},
    {"type": "bitmap","file": "emoji/sleepy.png","ascent": 8,"height": 9, "chars": ["们"]},
    {"type": "bitmap","file": "emoji/star.png","ascent": 8,"height": 9, "chars": ["到"]},
    {"type": "bitmap","file": "emoji/suspicious.png","ascent": 8,"height": 9, "chars": ["说"]},
    {"type": "bitmap","file": "emoji/winktongue.png","ascent": 8,"height": 9, "chars": ["和"]},
    
    {"type": "bitmap","file": "icons/discord.png","ascent": 8,"height": 9, "chars": ["Ⓓ"]},
    {"type": "bitmap","file": "icons/youtube.png","ascent": 8,"height": 9, "chars": ["ⓨ"]},
    {"type": "bitmap","file": "icons/twitter.png","ascent": 8,"height": 9, "chars": ["Ⓣ"]},
    {"type": "bitmap","file": "icons/instagram.png","ascent": 8,"height": 9, "chars": ["ⓘ"]},
    {"type": "bitmap","file": "icons/clock.png","ascent": 8,"height": 9, "chars": ["⌚"]},
    {"type": "bitmap","file": "icons/earth.png","ascent": 8,"height": 9, "chars": ["✉"]},
    {"type": "bitmap","file": "icons/star.png","ascent": 8,"height": 9, "chars": ["⭐"]},
    {"type": "bitmap","file": "icons/logo.png","ascent": 32,"height": 32, "chars": ["地"]},
    {"type": "bitmap","file": "icons/rank.png","ascent": 8,"height": 9, "chars": ["♦"]},
    {"type": "bitmap","file": "icons/mined.png","ascent": 8,"height": 9, "chars": ["⛏"]},
    {"type": "bitmap","file": "emoji/skull.png","ascent": 8,"height": 9, "chars": ["☠"]},
    {"type": "bitmap","file": "icons/coins.png","ascent": 8,"height": 9, "chars": ["也"]},
    {"type": "bitmap","file": "icons/sandclock.png","ascent": 8,"height": 9, "chars": ["⏳"]},
    {"type": "bitmap","file": "icons/experience.png","ascent": 8,"height": 9, "chars": ["🧪"]},
    {"type": "bitmap","file": "icons/diamond.png","ascent": 8,"height": 9, "chars": ["☄"]},
    {"type": "bitmap","file": "icons/dust.png","ascent": 7,"height": 7, "chars": ["💨"]},
    {"type": "bitmap","file": "icons/level.png","ascent": 8,"height": 9, "chars": ["⚡"]},
    
    {"type":"bitmap","file":"title/bannedplayer.png","ascent":14,"height":14,"chars":["子"]},
    {"type":"bitmap","file":"title/islandbiomes.png","ascent":14,"height":14,"chars":["时"]},
    {"type":"bitmap","file":"title/bordercolor.png","ascent":14,"height":14,"chars":["道"]},
    {"type":"bitmap","file":"title/confirmban.png","ascent":14,"height":14,"chars":["出"]},
    {"type":"bitmap","file":"title/confirmdisband.png","ascent":14,"height":14,"chars":["而"]},
    {"type":"bitmap","file":"title/confirmkick.png","ascent":14,"height":14,"chars":["要"]},
    {"type":"bitmap","file":"title/confirmleave.png","ascent":14,"height":14,"chars":["于"]},
    {"type":"bitmap","file":"title/islandpanel.png","ascent":14,"height":14,"chars":["就"]},
    {"type":"bitmap","file":"title/islandcoopplayers.png","ascent":14,"height":14,"chars":["下"]},
    {"type":"bitmap","file":"title/islandcreate.png","ascent":14,"height":14,"chars":["得"]},
    {"type":"bitmap","file":"title/islandrating.png","ascent":14,"height":14,"chars":["可"]},
    {"type":"bitmap","file":"title/islandmembers.png","ascent":14,"height":14,"chars":["你"]},
    {"type":"bitmap","file":"title/islandpermissions.png","ascent":14,"height":14,"chars":["年"]},
    {"type":"bitmap","file":"title/islandsettings.png","ascent":14,"height":14,"chars":["生"]},
    {"type":"bitmap","file":"title/topislands.png","ascent":14,"height":14,"chars":["自"]},
    {"type":"bitmap","file":"title/islandvisitors.png","ascent":14,"height":14,"chars":["会"]},
    {"type":"bitmap","file":"title/islandupgrades.png","ascent":14,"height":14,"chars":["那"]},
    {"type":"bitmap","file":"title/mainmenu.png","ascent":14,"height":14,"chars":["后"]},
    {"type":"bitmap","file":"title/questbook.png","ascent":14,"height":14,"chars":["能"]},
    {"type":"bitmap","file":"title/titlesmenu.png","ascent":14,"height":14,"chars":["对"]},
    {"type":"bitmap","file":"title/skills.png","ascent":14,"height":14,"chars":["着"]},
    {"type":"bitmap","file":"title/store.png","ascent":14,"height":14,"chars":["事"]},
    {"type":"bitmap","file":"title/sellwands.png","ascent":14,"height":14,"chars":["其"]},
    {"type":"bitmap","file":"title/ranks.png","ascent":14,"height":14,"chars":["里"]},
    {"type":"bitmap","file":"title/gems.png","ascent":14,"height":14,"chars":["所"]},
    {"type":"bitmap","file":"title/lootboxes.png","ascent":14,"height":14,"chars":["去"]},
    {"type":"bitmap","file":"title/bundles.png","ascent":14,"height":14,"chars":["行"]},
    {"type":"bitmap","file":"title/servershop.png","ascent":14,"height":14,"chars":["过"]},
    {"type":"bitmap","file":"title/toolsshop.png","ascent":14,"height":14,"chars":["家"]},
    {"type":"bitmap","file":"title/blockshop.png","ascent":14,"height":14,"chars":["十"]},
    {"type":"bitmap","file":"title/colorshop.png","ascent":14,"height":14,"chars":["用"]},
    {"type":"bitmap","file":"title/miscshop.png","ascent":14,"height":14,"chars":["发"]},
    {"type":"bitmap","file":"title/generatorshop.png","ascent":14,"height":14,"chars":["天"]},
    {"type":"bitmap","file":"title/enchantingtable.png","ascent":14,"height":14,"chars":["如"]},
    {"type":"bitmap","file":"title/auctionhouse.png","ascent":14,"height":14,"chars":["然"]},
    {"type":"bitmap","file":"title/categories.png","ascent":14,"height":14,"chars":["作"]},
    {"type":"bitmap","file":"title/daily.png","ascent":14,"height":14,"chars":["方"]},
    {"type":"bitmap","file":"title/commoncrate.png","ascent":14,"height":14,"chars":["成"]},
    {"type":"bitmap","file":"title/uncommoncrate.png","ascent":14,"height":14,"chars":["者"]},
    {"type":"bitmap","file":"title/rarecrate.png","ascent":14,"height":14,"chars":["多"]},
    {"type":"bitmap","file":"title/legendarycrate.png","ascent":14,"height":14,"chars":["日"]},
    {"type":"bitmap","file":"title/specialcrate.png","ascent":14,"height":14,"chars":["都"]},
    {"type":"bitmap","file":"title/upgrademenu.png","ascent":14,"height":14,"chars":["三"]},
    {"type":"bitmap","file":"title/teaminfo.png","ascent":14,"height":14,"chars":["小"]},
    {"type":"bitmap","file":"title/flowergamble.png","ascent":14,"height":14,"chars":["军"]},
    {"type":"bitmap","file":"title/stafflist.png","ascent":14,"height":14,"chars":["二"]},
    {"type":"bitmap","file":"title/trademenu.png","ascent":14,"height":14,"chars":["无"]},
    {"type":"bitmap","file":"title/confirmpurchase.png","ascent":14,"height":14,"chars":["同"]},
    {"type":"bitmap","file":"title/confirmopen.png","ascent":14,"height":14,"chars":["么"]},
    {"type":"bitmap","file":"title/mysteryvault.png","ascent":14,"height":14,"chars":["经"]},
    {"type":"bitmap","file":"title/mysteryboxcrafting.png","ascent":14,"height":14,"chars":["法"]},
    {"type":"bitmap","file":"title/giftinventory.png","ascent":14,"height":14,"chars":["当"]},
    {"type":"bitmap","file":"title/onlineplayers.png","ascent":14,"height":14,"chars":["起"]},
    {"type":"bitmap","file":"title/confirm.png","ascent":14,"height":14,"chars":["与"]},
    {"type":"bitmap","file":"title/settings.png","ascent":14,"height":14,"chars":["好"]},
    {"type":"bitmap","file":"title/animations.png","ascent":14,"height":14,"chars":["看"]},
    {"type":"bitmap","file":"title/openmultipleboxes.png","ascent":14,"height":14,"chars":["学"]},
    {"type":"bitmap","file":"title/cosmetics.png","ascent":14,"height":14,"chars":["进"]},
    {"type":"bitmap","file":"title/hats.png","ascent":14,"height":14,"chars":["种"]},
    {"type":"bitmap","file":"title/animatedhat.png","ascent":14,"height":14,"chars":["将"]},
    {"type":"bitmap","file":"title/particles.png","ascent":14,"height":14,"chars":["还"]},
    {"type":"bitmap","file":"title/pets.png","ascent":14,"height":14,"chars":["分"]},
    {"type":"bitmap","file":"title/banners.png","ascent":14,"height":14,"chars":["此"]},
    {"type":"bitmap","file":"title/emotes.png","ascent":14,"height":14,"chars":["心"]},
    {"type":"bitmap","file":"title/cloaks.png","ascent":14,"height":14,"chars":["前"]},

    {"type":"bitmap","file":"animation/1.png","ascent":512,"height":1024,"chars":["面"]},
    {"type":"bitmap","file":"animation/2.png","ascent":512,"height":1024,"chars":["又"]},
    {"type":"bitmap","file":"animation/3.png","ascent":512,"height":1024,"chars":["定"]},
    {"type":"bitmap","file":"animation/4.png","ascent":512,"height":1024,"chars":["见"]},
    {"type":"bitmap","file":"animation/5.png","ascent":512,"height":1024,"chars":["只"]},
    {"type":"bitmap","file":"animation/6.png","ascent":512,"height":1024,"chars":["主"]},
    {"type":"bitmap","file":"animation/7.png","ascent":512,"height":1024,"chars":["没"]},
    {"type":"bitmap","file":"animation/8.png","ascent":512,"height":1024,"chars":["公"]},
    {"type":"bitmap","file":"animation/9.png","ascent":512,"height":1024,"chars":["从"]}]}
